Case Name,Number of Live Points,Number of Scenarios,Criterion Value
ring_safe_2905_lp_100_scr,2905,100,-14.929903107195727
ring_safe_3037_lp_200_scr,3037,200,-14.346762732279146
ring_safe_3037_lp_400_scr,3037,400,-14.346762732279146
